Pos,Player,Team,Matches,Inn,Runs,Strike Rate,Fours,Sixes,Year
1,Shubman Gill,Gujarat,17,17,890,157.8,85,33,2023
2,Faf du Plessis,Bangalore,14,14,730,153.68,60,36,2023
3,Devon Conway,Chennai,16,15,672,139.71,77,18,2023
4,Virat Kohli,Bangalore,14,14,639,139.82,65,16,2023
5,Yashasvi Jaiswal,Rajasthan,14,14,625,163.61,82,26,2023
6,Suryakumar Yadav,Mumbai,16,16,605,181.14,65,28,2023
7,Ruturaj Gaikwad,Chennai,16,15,590,147.5,46,30,2023
8,David Warner,Delhi,14,14,516,131.63,69,10,2023
9,Rinku Singh,Kolkata,14,14,474,149.53,31,29,2023
10,Ishan Kishan,Mumbai,16,15,454,142.77,54,18,2023
11,Cameron Green,Mumbai,16,16,452,160.28,40,22,2023
12,Heinrich Klaasen,Hyderabad,12,11,448,177.08,32,25,2023
13,Shivam Dube,Chennai,16,14,418,158.33,12,35,2023
14,Nitish Rana,Kolkata,14,14,413,140.96,39,20,2023
15,Marcus Stoinis,Lucknow,15,15,408,150,28,27,2023
16,Venkatesh Iyer,Kolkata,14,14,404,145.85,32,21,2023
17,Glenn Maxwell,Bangalore,14,14,400,183.49,29,31,2023
18,Jos Buttler,Rajasthan,14,14,392,139.01,42,14,2023
19,Kyle Mayers,Lucknow,13,13,379,144.11,38,22,2023
20,Shikhar Dhawan,Punjab,11,11,373,142.91,49,12,2023
21,Wriddhiman Saha,Gujarat,17,17,371,129.27,47,8,2023
22,B Sai Sudharshan,Gujarat,8,8,362,141.41,33,12,2023
23,Sanju Samson,Rajasthan,14,14,362,153.39,25,24,2023
24,Nicholas Pooran,Lucknow,15,15,358,172.95,26,26,2023
25,Simran Singh,Punjab,14,14,358,150.42,38,19,2023
26,Hardik Pandya,Gujarat,16,15,346,136.76,26,15,2023
27,Tilak Varma,Mumbai,11,11,343,164.11,26,23,2023
28,Rohit Sharma,Mumbai,16,16,332,132.8,35,17,2023
29,Ajinkya Rahane,Chennai,14,11,326,172.49,24,16,2023
30,Jitesh Sharma,Punjab,14,14,309,156.06,22,21,2023
31,Vijay Shankar,Gujarat,14,10,301,160.11,27,15,2023
32,Shimron Hetmyer,Rajasthan,14,13,299,151.78,12,23,2023
33,Jason Roy,Kolkata,8,8,285,151.6,36,12,2023
34,Axar Patel,Delhi,14,13,283,139.41,21,15,2023
35,Liam Livingstone,Punjab,9,9,279,163.16,20,19,2023
36,Sam Curran,Punjab,14,13,276,135.96,20,13,2023
37,Lokesh Rahul,Lucknow,9,9,274,113.22,28,4,2023
38,Rahul Tripathi,Hyderabad,13,13,273,128.17,29,10,2023
39,Mayank Agarwal,Hyderabad,10,10,270,128.57,29,6,2023
40,Devdutt Padikkal,Rajasthan,11,11,261,130.5,31,6,2023
41,David Miller,Gujarat,16,13,259,145.51,18,13,2023
42,Aiden Markram,Hyderabad,13,13,248,125.89,18,8,2023
43,Nehal Wadhera,Mumbai,14,10,241,145.18,23,12,2023
44,Ayush Badoni,Lucknow,15,12,238,138.37,13,12,2023
45,Tim David,Mumbai,16,15,231,158.22,12,15,2023
46,Andre Russell,Kolkata,14,14,227,145.51,13,18,2023
47,Rahmanullah Gurbaz,Kolkata,11,11,227,133.53,17,15,2023
48,Abhishek Sharma,Hyderabad,11,11,226,143.95,28,6,2023
49,Philip Salt,Delhi,9,9,218,163.91,24,10,2023
50,Rilee Rossouw,Delhi,9,9,209,148.23,17,11,2023
51,Harry Brook,Hyderabad,11,11,190,123.38,23,4,2023
52,Ravindra Jadeja,Chennai,16,12,190,142.86,11,9,2023
53,Krunal Pandya,Lucknow,15,14,188,113.94,15,6,2023
54,Atharva Taide,Punjab,7,7,186,144.19,20,6,2023
55,Abdul Samad,Hyderabad,9,8,169,132.03,10,11,2023
56,Manish Pandey,Delhi,10,9,160,109.59,15,3,2023
57,Ambati Rayudu,Chennai,16,12,158,139.82,10,9,2023
58,Shahrukh Khan,Punjab,14,13,156,165.96,13,9,2023
59,Dhruv Chand Jurel,Rajasthan,13,11,152,172.73,11,9,2023
60,Quinton de Kock,Lucknow,4,4,143,140.2,10,8,2023
61,Dinesh Karthik,Bangalore,13,13,140,134.62,13,5,2023
62,Sikandar Raza,Punjab,7,7,139,141.84,10,6,2023
63,Mahipal Lomror,Bangalore,12,10,135,139.18,9,8,2023
64,Rashid Khan,Gujarat,17,9,130,216.67,8,13,2023
65,Mitchell Marsh,Delhi,9,9,128,131.96,11,7,2023
66,Moeen Ali,Chennai,15,10,124,136.26,12,6,2023
67,Matt Short,Punjab,6,6,117,127.17,15,4,2023
68,Abhinav Manohar,Gujarat,9,6,114,137.35,6,7,2023
69,Shardul Thakur,Kolkata,11,10,113,161.43,13,4,2023
70,Aman Hakim Khan,Delhi,11,9,110,108.91,7,6,2023
71,Prithvi Shaw,Delhi,8,8,106,124.71,16,1,2023
72,Anmolpreet Singh,Hyderabad,4,4,105,128.05,15,2,2023
73,MS Dhoni,Chennai,16,12,104,182.46,3,10,2023
74,Prerak Mankad,Lucknow,5,5,93,129.17,12,2,2023
75,Anuj Rawat,Bangalore,9,7,91,128.17,6,4,2023
76,Narayan Jagadeesan,Kolkata,6,6,89,109.88,14,1,2023
77,Rahul Tewatia,Gujarat,17,10,87,152.63,3,7,2023
78,Deepak Hooda,Lucknow,12,12,84,93.33,3,2,2023
79,Riyan Parag,Rajasthan,7,7,78,118.18,4,5,2023
80,Harpreet Singh,Punjab,3,3,76,128.81,8,3,2023
81,Bhanuka Rajapaksa,Punjab,4,4,71,114.52,6,2,2023
82,Vivrant Sharma,Hyderabad,3,1,69,146.81,9,2,2023
83,Ravichandran Ashwin,Rajasthan,13,10,67,131.37,5,3,2023
84,Lalit Yadav,Delhi,6,6,66,111.86,8,0,2023
85,Krishnappa Gowtham,Lucknow,7,7,61,164.86,2,5,2023
86,Washington Sundar,Hyderabad,7,5,60,100,6,0,2023
87,Michael Bracewell,Bangalore,5,4,58,123.4,6,1,2023
88,Sarfaraz Khan,Delhi,4,4,53,85.48,4,1,2023
89,Harpreet Brar,Punjab,13,8,52,126.83,5,2,2023
90,Ripal Patel,Delhi,5,4,49,113.95,3,1,2023
91,Bhuvneshwar Kumar,Hyderabad,14,6,42,89.36,4,0,2023
92,Shahbaz Ahmed,Bangalore,10,6,42,107.69,3,1,2023
93,Glenn Phillips,Hyderabad,5,5,39,177.27,2,4,2023
94,Marco Jansen,Hyderabad,8,6,39,90.7,4,0,2023
95,Anrich Nortje,Delhi,10,7,37,127.59,6,0,2023
96,Vishnu Vinod,Mumbai,3,3,37,119.35,2,2,2023
97,David Willey,Bangalore,4,3,35,109.38,4,0,2023
98,Suyash Prabhudessai,Bangalore,5,4,35,120.69,1,2,2023
99,Abishek Porel,Delhi,4,4,33,106.45,1,2,2023
100,Wanindu Hasaranga,Bangalore,8,5,33,117.86,3,0,2023
101,Kuldeep Yadav,Delhi,14,10,31,64.58,2,0,2023
102,Dasun Shanaka,Gujarat,3,3,26,100,2,1,2023
103,Piyush Chawla,Mumbai,16,4,25,113.64,1,1,2023
104,Tristan Stubbs,Mumbai,2,2,25,80.65,2,0,2023
105,Anukul Roy,Kolkata,4,4,23,121.05,3,0,2023
106,Hrithik Shokeen,Mumbai,8,3,23,135.29,4,0,2023
107,Adil Rashid,Hyderabad,2,2,22,137.5,2,1,2023
108,Priyam Garg,Delhi,2,2,22,95.65,1,0,2023
109,David Wiese,Kolkata,3,3,21,190.91,0,3,2023
110,Mayank Markande,Hyderabad,10,3,21,161.54,2,1,2023
111,Sunil Narine,Kolkata,14,10,21,84,2,1,2023
112,Ravi Bishnoi,Lucknow,15,7,20,74.07,1,0,2023
113,Rishi Dhawan,Punjab,6,3,20,166.67,1,1,2023
114,Amit Mishra,Lucknow,7,1,19,63.33,2,0,2023
115,Umesh Yadav,Kolkata,8,5,19,105.56,1,0,2023
116,Umran Malik,Hyderabad,8,2,19,237.5,1,2,2023
117,Arshad Khan,Mumbai,6,3,18,120,0,1,2023
118,Akash Deep,Bangalore,2,1,17,212.5,2,1,2023
119,Akeal Hosein,Hyderabad,1,1,16,160,1,1,2023
120,Naveen0ul0Haq,Lucknow,8,3,16,76.19,2,0,2023
121,Praveen Dubey,Delhi,1,1,16,80,2,0,2023
122,Trent Boult,Rajasthan,10,4,16,114.29,1,1,2023
123,Yash Dhull,Delhi,4,3,16,69.57,1,0,2023
124,Ben Stokes,Chennai,2,2,15,107.14,2,0,2023
125,Mandeep Singh,Kolkata,3,3,14,87.5,0,1,2023
126,Arjun Tendulkar,Mumbai,4,1,13,144.44,0,1,2023
127,Vijaykumar Vyshak,Bangalore,7,2,13,144.44,0,1,2023
128,Jason Holder,Rajasthan,8,3,12,109.09,0,1,2023
129,Karan Sharma,Lucknow,2,2,12,57.14,0,0,2023
130,Kedar Jadhav,Bangalore,2,1,12,120,1,0,2023
131,Mark Wood,Lucknow,4,2,11,220,1,1,2023
132,Sanvir Singh,Hyderabad,2,2,11,122.22,1,1,2023
133,Adam Zampa,Rajasthan,6,3,10,62.5,0,0,2023
134,Joe Root,Rajasthan,3,1,10,66.67,1,0,2023
135,Manan Vohra,Lucknow,1,1,10,90.91,1,0,2023
136,Jaydev Unadkat,Lucknow,3,1,9,128.57,1,0,2023
137,Noor Ahmad,Gujarat,13,3,8,88.89,1,0,2023
138,Alzarri Joseph,Gujarat,7,2,7,58.33,1,0,2023
139,Mukesh Kumar,Delhi,10,3,7,77.78,0,0,2023
140,Rovman Powell,Delhi,3,3,7,77.78,1,0,2023
141,Chris Jordan,Mumbai,6,2,6,50,0,0,2023
142,Harshal Patel,Bangalore,14,2,6,100,0,1,2023
143,Jason Behrendorff,Mumbai,12,2,6,66.67,0,0,2023
144,Kumar Kartikeya,Mumbai,8,1,6,85.71,1,0,2023
145,Mohammed Shami,Gujarat,17,2,5,83.33,1,0,2023
146,Chetan Sakariya,Delhi,2,2,4,66.67,1,0,2023
147,Jofra Archer,Mumbai,5,2,4,100,0,0,2023
148,Liton Das,Kolkata,1,1,4,100,1,0,2023
149,Karn Sharma,Bangalore,7,2,3,60,0,0,2023
150,Vaibhav Arora,Kolkata,5,2,3,150,0,0,2023
151,Arshdeep Singh,Punjab,14,2,2,100,0,0,2023
152,Mitchell Santner,Chennai,3,2,2,50,0,0,2023
153,Sandeep Sharma,Rajasthan,12,2,2,33.33,0,0,2023
154,Swapnil Singh,Lucknow,2,1,2,50,0,0,2023
155,Wayne Parnell,Bangalore,7,1,2,40,0,0,2023
156,Abdul Basith,Rajasthan,1,1,1,100,0,0,2023
157,Deepak Chahar,Chennai,10,1,1,50,0,0,2023
158,Fazal,Hyderabad,4,1,1,20,0,0,2023
159,Ishant Sharma,Delhi,8,1,1,100,0,0,2023
160,Josh Hazlewood,Bangalore,3,1,1,50,0,0,2023
161,Mohammed Siraj,Bangalore,14,2,1,50,0,0,2023
162,Mohit Rathee,Punjab,1,1,1,50,0,0,2023
163,Mustafizur Rahman,Delhi,2,1,1,100,0,0,2023
164,Nathan Ellis,Punjab,10,2,1,14.29,0,0,2023
165,Varun Chakravarthy,Kolkata,14,2,1,11.11,0,0,2023
166,Yudhvir Singh,Lucknow,3,2,1,50,0,0,2023
167,Jos Buttler,Rajasthan,17,17,863,149.05,83,45,2022
168,Lokesh Rahul,Lucknow,15,15,616,135.38,45,30,2022
169,Quinton de Kock,Lucknow,15,15,508,148.97,47,23,2022
170,Hardik Pandya,Gujarat,15,15,487,131.27,49,12,2022
171,Shubman Gill,Gujarat,16,16,483,132.33,51,11,2022
172,David Miller,Gujarat,16,16,481,142.73,32,23,2022
173,Faf du Plessis,Bangalore,16,16,468,127.52,49,13,2022
174,Shikhar Dhawan,Punjab,14,14,460,122.67,47,12,2022
175,Sanju Samson,Rajasthan,17,17,458,146.79,43,26,2022
176,Deepak Hooda,Lucknow,15,14,451,136.67,36,18,2022
177,Liam Livingstone,Punjab,14,14,437,182.08,29,34,2022
178,David Warner,Delhi,12,12,432,150.52,52,15,2022
179,Abhishek Sharma,Hyderabad,14,14,426,133.12,47,13,2022
180,Ishan Kishan,Mumbai,14,14,418,120.11,45,11,2022
181,Rahul Tripathi,Hyderabad,14,14,413,158.24,40,20,2022
182,Shreyas Iyer,Kolkata,14,14,401,134.56,41,11,2022
183,Tilak Varma,Mumbai,14,14,397,131.02,29,16,2022
184,Aiden Markram,Hyderabad,14,12,381,139.05,25,19,2022
185,Devdutt Padikkal,Rajasthan,17,17,376,122.88,40,14,2022
186,Ruturaj Gaikwad,Chennai,14,14,368,126.46,33,14,2022
187,Nitish Rana,Kolkata,14,14,361,143.82,29,22,2022
188,Virat Kohli,Bangalore,16,16,341,115.99,32,8,2022
189,Rishabh Pant,Delhi,14,13,340,151.79,35,16,2022
190,Andre Russell,Kolkata,14,12,335,174.48,18,32,2022
191,Rajat Patidar,Bangalore,8,7,333,152.75,27,18,2022
192,Dinesh Karthik,Bangalore,16,16,330,183.33,27,22,2022
193,Wriddhiman Saha,Gujarat,11,11,317,122.39,40,7,2022
194,Shimron Hetmyer,Rajasthan,15,15,314,153.92,21,21,2022
195,Nicholas Pooran,Hyderabad,14,13,306,144.34,16,21,2022
196,Suryakumar Yadav,Mumbai,8,8,303,145.67,23,16,2022
197,Glenn Maxwell,Bangalore,13,13,301,169.1,31,15,2022
198,Shivam Dube,Chennai,11,11,289,156.22,22,16,2022
199,Prithvi Shaw,Delhi,10,10,283,152.97,37,10,2022
200,Ambati Rayudu,Chennai,13,11,274,122.32,25,15,2022
201,Rohit Sharma,Mumbai,14,14,268,120.18,28,13,2022
202,Yashasvi Jaiswal,Rajasthan,10,10,258,132.99,28,10,2022
203,Jonny Bairstow,Punjab,11,11,253,144.57,34,9,2022
204,Devon Conway,Chennai,7,7,252,145.66,22,12,2022
205,Mitchell Marsh,Delhi,8,8,251,132.8,19,14,2022
206,Rovman Powell,Delhi,14,12,250,149.7,10,22,2022
207,Moeen Ali,Chennai,10,10,244,137.85,24,11,2022
208,Jitesh Sharma,Punjab,12,10,234,163.64,22,12,2022
209,MS Dhoni,Chennai,14,13,232,123.4,21,10,2022
210,Robin Uthappa,Chennai,12,11,230,134.5,19,14,2022
211,Shahbaz Ahmed,Bangalore,16,11,219,120.99,14,9,2022
212,Rahul Tewatia,Gujarat,16,12,217,147.62,22,9,2022
213,Kane Williamson,Hyderabad,13,13,216,93.51,16,8,2022
214,Bhanuka Rajapaksa,Punjab,9,9,206,159.69,16,13,2022
215,Mayank Agarwal,Punjab,13,12,196,122.5,23,6,2022
216,Ravichandran Ashwin,Rajasthan,17,12,191,141.48,14,9,2022
217,Tim David,Mumbai,8,8,186,216.28,12,16,2022
218,Krunal Pandya,Lucknow,14,13,183,126.21,16,4,2022
219,Riyan Parag,Rajasthan,17,14,183,138.64,11,10,2022
220,Axar Patel,Delhi,13,10,182,151.67,12,10,2022
221,Venkatesh Iyer,Kolkata,12,12,182,107.69,17,7,2022
222,Rinku Singh,Kolkata,7,7,174,148.72,17,7,2022
223,Sam Billings,Kolkata,8,8,169,122.46,9,10,2022
224,Ayush Badoni,Lucknow,13,11,161,123.85,11,7,2022
225,Dewald Brevis,Mumbai,7,7,161,142.48,14,11,2022
226,Lalit Yadav,Delhi,12,8,161,110.27,11,7,2022
227,Matthew Wade,Gujarat,10,10,157,113.77,23,2,2022
228,Marcus Stoinis,Lucknow,11,10,156,147.17,7,13,2022
229,B Sai Sudharshan,Gujarat,5,5,145,127.19,14,3,2022
230,Kieron Pollard,Mumbai,11,11,144,107.46,6,9,2022
231,Ajinkya Rahane,Kolkata,7,7,133,103.91,14,4,2022
232,Anuj Rawat,Bangalore,8,8,129,109.32,10,7,2022
233,Shardul Thakur,Delhi,14,10,120,137.93,7,7,2022
234,Shahrukh Khan,Punjab,8,8,117,108.33,4,9,2022
235,Ravindra Jadeja,Chennai,10,10,116,118.37,6,5,2022
236,Abhinav Manohar,Gujarat,8,7,108,144,14,3,2022
237,Washington Sundar,Hyderabad,9,7,101,146.38,9,3,2022
238,Rashid Khan,Gujarat,16,8,91,206.82,3,9,2022
239,Sarfaraz Khan,Delhi,6,5,91,135.82,9,2,2022
240,Manish Pandey,Lucknow,6,6,88,110,9,2,2022
241,Aaron Finch,Kolkata,5,5,86,140.98,10,3,2022
242,Mahipal Lomror,Bangalore,7,5,86,150.88,7,4,2022
243,Rahul Chahar,Punjab,13,8,77,113.24,7,4,2022
244,Evin Lewis,Lucknow,6,5,73,130.36,8,3,2022
245,Sunil Narine,Kolkata,14,10,71,177.5,6,6,2022
246,Shashank Singh,Hyderabad,10,5,69,146.81,5,4,2022
247,Suyash Prabhudessai,Bangalore,5,5,67,113.56,7,2,2022
248,Pat Cummins,Kolkata,5,5,63,262.5,5,6,2022
249,Jaydev Unadkat,Mumbai,5,5,59,159.46,4,3,2022
250,Jason Holder,Lucknow,12,8,58,131.82,2,6,2022
251,Romario Shepherd,Hyderabad,3,3,58,141.46,2,5,2022
252,Umesh Yadav,Kolkata,12,7,55,137.5,4,4,2022
253,Odean Smith,Punjab,6,6,51,115.91,1,5,2022
254,Kagiso Rabada,Punjab,13,8,48,111.63,5,2,2022
255,Kuldeep Yadav,Delhi,14,7,48,92.31,3,2,2022
256,Priyam Garg,Hyderabad,2,2,46,139.39,4,2,2022
257,Ramandeep Singh,Mumbai,5,4,45,112.5,3,1,2022
258,Dwaine Pretorius,Chennai,6,5,44,157.14,3,3,2022
259,Dushmantha Chameera,Lucknow,12,8,43,153.57,3,3,2022
260,Harshal Patel,Bangalore,15,8,43,110.26,4,2,2022
261,Hrithik Shokeen,Mumbai,5,3,43,89.58,5,0,2022
262,Narayan Jagadeesan,Chennai,2,2,40,108.11,3,1,2022
263,Trent Boult,Rajasthan,16,8,40,137.93,2,1,2022
264,Daniel Sams,Mumbai,11,10,38,105.56,1,3,2022
265,Wanindu Hasaranga,Bangalore,16,7,38,88.37,4,1,2022
266,Rishi Dhawan,Punjab,6,4,37,92.5,4,2,2022
267,Daryl Mitchell,Rajasthan,2,2,33,75,1,0,2022
268,Sherfane Rutherford,Bangalore,3,2,33,66,1,1,2022
269,Jimmy Neesham,Rajasthan,2,2,31,114.81,3,0,2022
270,Mohammed Siraj,Bangalore,15,5,30,90.91,5,0,2022
271,Bhuvneshwar Kumar,Hyderabad,14,6,24,92.31,3,0,2022
272,Tim Seifert,Delhi,2,2,24,126.32,4,0,2022
273,Dwayne Bravo,Chennai,10,6,23,95.83,1,1,2022
274,Mohsin Khan,Lucknow,9,3,23,143.75,2,1,2022
275,Sheldon Jackson,Kolkata,5,5,23,88.46,0,1,2022
276,Avesh Khan,Lucknow,13,4,22,169.23,0,3,2022
277,Harpreet Brar,Punjab,5,3,22,88,1,2,2022
278,Mitchell Santner,Chennai,6,4,22,81.48,3,0,2022
279,Rassie van der Dussen,Rajasthan,3,3,22,91.67,2,0,2022
280,Arshdeep Singh,Punjab,14,6,21,72.41,3,0,2022
281,Baba Indrajith,Kolkata,3,3,21,70,2,0,2022
282,Manan Vohra,Lucknow,2,1,19,172.73,1,2,2022
283,Vijay Shankar,Gujarat,4,4,19,54.29,1,0,2022
284,David Willey,Bangalore,4,2,18,60,3,0,2022
285,Josh Hazlewood,Bangalore,12,5,18,69.23,1,0,2022
286,Mandeep Singh,Delhi,3,3,18,78.26,4,0,2022
287,Karun Nair,Rajasthan,3,2,16,88.89,1,0,2022
288,Simran Singh,Punjab,1,1,14,127.27,2,0,2022
289,Anmolpreet Singh,Mumbai,2,2,13,100,1,0,2022
290,Murugan Ashwin,Mumbai,8,5,12,85.71,1,1,2022
291,Varun Chakravarthy,Kolkata,11,4,12,66.67,2,0,2022
292,Chris Jordan,Chennai,4,2,11,137.5,0,0,2022
293,Raj Angad Bawa,Punjab,2,2,11,78.57,1,0,2022
294,Marco Jansen,Hyderabad,8,3,9,128.57,0,1,2022
295,Shreyas Gopal,Hyderabad,1,1,9,128.57,2,0,2022
296,Fabian Allen,Mumbai,1,1,8,114.29,1,0,2022
297,Obed McCoy,Rajasthan,7,1,8,160,0,1,2022
298,Srikar Bharat,Delhi,2,2,8,114.29,2,0,2022
299,Kartik Tyagi,Hyderabad,2,2,7,116.67,1,0,2022
300,Maheesh Theekshana,Chennai,9,2,7,100,0,1,2022
301,Rasikh Salam,Kolkata,2,1,7,116.67,1,0,2022
302,Sean Abbott,Hyderabad,1,1,7,140,0,1,2022
303,Samrjeet Singh,Chennai,6,3,7,87.5,0,0,2022
304,Mukesh Choudhary,Chennai,13,2,6,100,1,0,2022
305,Prasidh Krishna,Rajasthan,17,3,6,50,0,0,2022
306,Ripal Patel,Delhi,2,1,6,200,0,1,2022
307,Alzarri Joseph,Gujarat,9,3,5,71.43,0,0,2022
308,Aman Hakim Khan,Kolkata,1,1,5,166.67,1,0,2022
309,Lockie Ferguson,Gujarat,13,3,5,125,1,0,2022
310,Vaibhav Arora,Punjab,5,4,5,38.46,0,0,2022
311,Yuzvendra Chahal,Rajasthan,17,2,5,62.5,0,0,2022
312,Abdul Samad,Hyderabad,2,2,4,57.14,0,0,2022
313,Abhijeet Tomar,Kolkata,1,1,4,50,1,0,2022
314,Karan Sharma,Lucknow,1,1,4,100,1,0,2022
315,Prerak Mankad,Punjab,1,1,4,400,1,0,2022
316,Umran Malik,Hyderabad,14,4,4,50,0,0,2022
317,Kumar Kartikeya,Mumbai,4,1,3,60,0,0,2022
318,Mustafizur Rahman,Delhi,8,1,3,60,0,0,2022
319,Shivam Mavi,Kolkata,6,3,3,42.86,0,0,2022
320,Fazal,Hyderabad,3,1,2,25,0,0,2022
321,Harshit Rana,Kolkata,2,2,2,100,0,0,2022
322,Jagadeesha Suchith,Hyderabad,5,2,2,25,0,0,2022
323,Navdeep Saini,Rajasthan,2,1,2,100,0,0,2022
324,Pradeep Sangwan,Gujarat,3,1,2,40,0,0,2022
325,Tim Southee,Kolkata,9,5,2,16.67,0,0,2022
326,Tristan Stubbs,Mumbai,2,2,2,50,0,0,2022
327,Anrich Nortje,Delhi,6,1,1,16.67,0,0,2022
328,Nathan Coulter0Nile,Rajasthan,1,1,1,50,0,0,2022
329,Ruturaj Gaikwad,Chennai,16,16,635,136.27,64,23,2021
330,Faf du Plessis,Chennai,16,16,633,138.21,60,23,2021
331,Lokesh Rahul,Punjab,13,13,626,138.8,48,30,2021
332,Shikhar Dhawan,Delhi,16,16,587,124.63,63,16,2021
333,Glenn Maxwell,Bangalore,15,14,513,144.1,48,21,2021
334,Sanju Samson,Rajasthan,14,14,484,136.72,45,17,2021
335,Prithvi Shaw,Delhi,15,15,479,159.14,56,18,2021
336,Shubman Gill,Kolkata,17,17,478,118.91,50,12,2021
337,Mayank Agarwal,Punjab,12,12,441,140.45,42,18,2021
338,Rishabh Pant,Delhi,16,16,419,128.53,42,10,2021
339,Devdutt Padikkal,Bangalore,14,14,411,125.3,44,14,2021
340,Virat Kohli,Bangalore,15,15,405,119.47,43,9,2021
341,Rahul Tripathi,Kolkata,17,16,397,140.28,41,11,2021
342,Nitish Rana,Kolkata,17,16,383,121.97,34,17,2021
343,Rohit Sharma,Mumbai,13,13,381,127.42,33,14,2021
344,Venkatesh Iyer,Kolkata,10,10,370,128.47,37,14,2021
345,Moeen Ali,Chennai,15,15,357,137.31,31,19,2021
346,Suryakumar Yadav,Mumbai,14,14,317,143.44,40,10,2021
347,AB de Villiers,Bangalore,15,14,313,148.34,23,16,2021
348,Quinton de Kock,Mumbai,11,11,297,116.02,29,7,2021
349,Manish Pandey,Hyderabad,8,8,292,123.73,21,10,2021
350,Kane Williamson,Hyderabad,10,10,266,113.19,29,2,2021
351,Ambati Rayudu,Chennai,16,13,257,151.18,16,17,2021
352,Jos Buttler,Rajasthan,7,7,254,153.01,27,13,2021
353,Yashasvi Jaiswal,Rajasthan,10,10,249,148.21,32,10,2021
354,Jonny Bairstow,Hyderabad,7,7,248,141.71,20,15,2021
355,Kieron Pollard,Mumbai,14,13,245,148.48,16,16,2021
356,Shimron Hetmyer,Delhi,14,13,242,168.06,19,12,2021
357,Ishan Kishan,Mumbai,10,10,241,133.89,21,10,2021
358,Shivam Dube,Rajasthan,9,9,230,119.17,18,10,2021
359,Ravindra Jadeja,Chennai,16,12,227,145.51,19,9,2021
360,Dinesh Karthik,Kolkata,17,15,223,131.18,22,7,2021
361,David Warner,Hyderabad,8,8,195,107.73,15,6,2021
362,Chris Gayle,Punjab,10,10,193,125.32,21,8,2021
363,Srikar Bharat,Bangalore,8,7,191,122.44,10,8,2021
364,Andre Russell,Kolkata,10,9,183,152.5,14,14,2021
365,Shreyas Iyer,Delhi,8,8,175,102.34,7,5,2021
366,Deepak Hooda,Punjab,12,11,160,130.08,9,9,2021
367,Suresh Raina,Chennai,12,11,160,125,13,9,2021
368,Rahul Tewatia,Rajasthan,14,11,155,105.44,11,6,2021
369,Shahrukh Khan,Punjab,11,10,153,134.21,9,10,2021
370,Steven Smith,Delhi,8,7,152,112.59,13,2,2021
371,Evin Lewis,Rajasthan,5,5,151,162.37,18,7,2021
372,Jason Roy,Hyderabad,5,5,150,123.97,21,1,2021
373,Aiden Markram,Punjab,6,6,146,122.69,12,4,2021
374,Krunal Pandya,Mumbai,13,12,143,116.26,10,6,2021
375,Eoin Morgan,Kolkata,17,16,133,95.68,8,6,2021
376,Wriddhiman Saha,Hyderabad,9,9,131,93.57,7,5,2021
377,Hardik Pandya,Mumbai,12,11,127,113.39,11,5,2021
378,David Miller,Rajasthan,9,8,124,109.73,11,3,2021
379,Robin Uthappa,Chennai,4,4,115,136.9,8,5,2021
380,Saurabh Tiwary,Mumbai,5,4,115,118.56,10,2,2021
381,MS Dhoni,Chennai,16,11,114,106.54,12,3,2021
382,Abdul Samad,Hyderabad,11,10,111,127.59,4,8,2021
383,Abhishek Sharma,Hyderabad,8,7,98,130.67,7,4,2021
384,Mahipal Lomror,Rajasthan,4,4,94,128.77,3,6,2021
385,Pat Cummins,Kolkata,7,5,93,166.07,5,8,2021
386,Riyan Parag,Rajasthan,11,10,93,112.05,6,4,2021
387,Marcus Stoinis,Delhi,10,7,89,123.61,11,1,2021
388,Jason Holder,Hyderabad,8,7,85,118.06,2,6,2021
389,Nicholas Pooran,Punjab,12,11,85,111.84,3,5,2021
390,Rashid Khan,Hyderabad,14,10,83,120.29,9,2,2021
391,Priyam Garg,Hyderabad,5,5,72,97.3,2,3,2021
392,Rajat Patidar,Bangalore,4,4,71,114.52,3,3,2021
393,Lalit Yadav,Delhi,7,5,68,93.15,7,0,2021
394,Chris Morris,Rajasthan,11,7,67,136.73,2,5,2021
395,Kyle Jamieson,Bangalore,9,7,65,118.18,5,3,2021
396,Harpreet Brar,Punjab,7,5,64,110.34,3,2,2021
397,Sunil Narine,Kolkata,14,10,62,131.91,3,5,2021
398,Harshal Patel,Bangalore,15,8,59,128.26,6,2,2021
399,Shahbaz Ahmed,Bangalore,11,7,59,111.32,4,2,2021
400,Vijay Shankar,Hyderabad,7,5,58,111.54,1,3,2021
401,Sam Curran,Chennai,9,4,56,193.1,5,3,2021
402,Kedar Jadhav,Hyderabad,6,5,55,105.77,2,2,2021
403,Chris Lynn,Mumbai,1,1,49,140,4,3,2021
404,Dwayne Bravo,Chennai,11,3,47,261.11,3,4,2021
405,Shakib Al Hasan,Kolkata,8,6,47,97.92,3,1,2021
406,Ravichandran Ashwin,Delhi,13,5,44,104.76,2,1,2021
407,Liam Livingstone,Rajasthan,5,5,42,102.44,3,1,2021
408,Manan Vohra,Rajasthan,4,4,42,107.69,5,2,2021
409,Jaydev Unadkat,Rajasthan,6,3,41,141.38,3,2,2021
410,Axar Patel,Delhi,12,6,40,86.96,2,1,2021
411,Bhuvneshwar Kumar,Hyderabad,11,7,34,113.33,3,0,2021
412,Jayant Yadav,Mumbai,5,3,34,130.77,2,1,2021
413,Mohammad Nabi,Hyderabad,3,3,34,170,3,2,2021
414,Chris Jordan,Punjab,4,2,32,152.38,1,3,2021
415,Moises Henriques,Punjab,5,4,31,96.88,0,1,2021
416,Washington Sundar,Bangalore,6,4,31,65.96,2,0,2021
417,Dawid Malan,Punjab,1,1,26,100,1,1,2021
418,Glenn Phillips,Rajasthan,3,3,26,78.79,1,2,2021
419,Ripal Patel,Delhi,2,2,25,92.59,3,0,2021
420,Shivam Mavi,Kolkata,9,2,25,125,2,2,2021
421,Tom Curran,Delhi,3,2,21,123.53,2,0,2021
422,Mohammed Siraj,Bangalore,15,4,20,76.92,1,1,2021
423,Simran Singh,Punjab,2,2,19,82.61,1,1,2021
424,Lockie Ferguson,Kolkata,8,3,18,163.64,1,1,2021
425,Nathan Ellis,Punjab,3,2,18,112.5,0,1,2021
426,Adam Milne,Mumbai,4,3,16,94.12,0,1,2021
427,Anmolpreet Singh,Mumbai,1,1,16,114.29,2,1,2021
428,Chetan Sakariya,Rajasthan,14,6,16,64,2,0,2021
429,Jasprit Bumrah,Mumbai,14,7,16,94.12,2,0,2021
430,Chris Woakes,Delhi,3,1,15,136.36,2,0,2021
431,Jhye Richardson,Punjab,3,2,15,62.5,2,0,2021
432,Mandeep Singh,Punjab,1,1,15,107.14,2,0,2021
433,Murugan Ashwin,Punjab,3,2,15,62.5,1,0,2021
434,Virat Singh,Hyderabad,3,2,15,57.69,1,0,2021
435,Daniel Christian,Bangalore,9,7,14,58.33,1,0,2021
436,Jagadeesha Suchith,Hyderabad,2,1,14,233.33,2,1,2021
437,Rahul Chahar,Mumbai,11,5,14,93.33,1,0,2021
438,Kagiso Rabada,Delhi,15,3,13,216.67,2,0,2021
439,Mohammed Shami,Punjab,14,4,13,76.47,0,0,2021
440,Yuzvendra Chahal,Bangalore,15,2,10,37.04,0,0,2021
441,Ajinkya Rahane,Delhi,2,1,8,100,1,0,2021
442,Mustafizur Rahman,Rajasthan,14,5,8,57.14,0,1,2021
443,Sandeep Sharma,Hyderabad,7,2,8,114.29,1,0,2021
444,Siddarth Kaul,Hyderabad,8,2,8,100,1,0,2021
445,Sachin Baby,Bangalore,1,1,7,41.18,0,0,2021
446,Shreyas Gopal,Rajasthan,3,2,7,140,0,1,2021
447,Daniel Sams,Bangalore,2,2,6,100,0,0,2021
448,Fabian Allen,Punjab,4,3,6,50,0,0,2021
449,Avesh Khan,Delhi,16,1,5,166.67,1,0,2021
450,Shardul Thakur,Chennai,16,4,5,100,0,0,2021
451,Harbhajan Singh,Kolkata,3,2,4,100,0,0,2021
452,Nathan Coulter0Nile,Mumbai,5,2,4,80,0,0,2021
453,Tim Southee,Kolkata,3,1,3,60,0,0,2021
454,Arshdeep Singh,Punjab,12,2,2,66.67,0,0,2021
455,George Garton,Bangalore,5,3,2,50,0,0,2021
456,Kartik Tyagi,Rajasthan,4,2,2,50,0,0,2021
457,Navdeep Saini,Bangalore,2,1,2,50,0,0,2021
458,Tabraiz Shamsi,Rajasthan,1,1,2,50,0,0,2021
459,Tim Seifert,Kolkata,1,1,2,50,0,0,2021
460,Varun Chakravarthy,Kolkata,17,3,2,50,0,0,2021
461,Deepak Chahar,Chennai,15,2,1,100,0,0,2021
462,Khaleel Ahmed,Hyderabad,7,1,1,50,0,0,2021
463,Mujeeb Zadran,Hyderabad,1,1,1,100,0,0,2021
464,Ravi Bishnoi,Punjab,9,1,1,25,0,0,2021
465,Tim David,Bangalore,1,1,1,33.33,0,0,2021
466,Trent Boult,Mumbai,14,4,1,25,0,0,2021
467,Wanindu Hasaranga,Bangalore,2,2,1,50,0,0,2021
